Handle,Max Rating,Rating,Solve Count,Contest Count,Recent Activity Point,Tags.*special,Tags.2-sat,Tags.binary search,Tags.bitmasks,Tags.brute force,Tags.chinese remainder theorem,Tags.combinatorics,Tags.constructive algorithms,Tags.data structures,Tags.dfs and similar,Tags.divide and conquer,Tags.dp,Tags.dsu,Tags.expression parsing,Tags.fft,Tags.flows,Tags.games,Tags.geometry,Tags.graph matchings,Tags.graphs,Tags.greedy,Tags.hashing,Tags.implementation,Tags.interactive,Tags.math,Tags.matrices,Tags.meet-in-the-middle,Tags.number theory,Tags.probabilities,Tags.schedules,Tags.shortest paths,Tags.sortings,Tags.string suffix structures,Tags.strings,Tags.ternary search,Tags.trees,Tags.two pointers
Casio991ms,24.972127522404094,4.417670682730924,4.081342434584755,3.105022831050228,0.5280400847947583,0.44117354021507377,0.11413172703495283,0.8016111668926675,0.6601435493767017,0.6759721679211459,0.8108108108108109,0.5643584599839392,0.564467517130238,0.6315163387860189,0.6563575967960829,0.400716007138966,0.7354605489825405,0.6002082211744447,0.8108108108108109,0.17921221298044018,0.42335047598205505,0.582596588532565,0.8108108108108109,0.2872931883170792,0.5687479109648602,0.6585799031038178,0.6949373616040285,0.7548474140045276,0.5226729133644177,0.768280989162695,0.6612950979148162,0.8108108108108109,0.7089632244765387,0.8108108108108107,0.8108108108108109,0.7516502677793,0.6365018649038529,0.42754496845315,0.8108108108108109,0.7593976512895433,0.6117681389137132,0.7932307640398479
FAHIM.ABRAR,2.747440804675389,2.0532128514056223,0.4266211604095563,0.3881278538812785,0.0,0.134703393489336,0.07608781802330189,0.009898351051166064,0.0020612878862297907,0.024043008461587155,0.0,0.006009298411447296,0.016766311145009337,0.010724857772775619,0.00421349365108782,0.0,0.005130138481269761,0.013738933797675374,0.03765739614796219,0.0,0.0,0.011001037076932776,0.01237347796554245,0.03220098783238715,0.02020274278750982,0.02983492345758686,0.022966689633356307,0.04970181741563003,0.0,0.030727304222799352,0.0,0.0,0.02068795682808724,0.004465355123646149,0.0,0.052310374891020056,0.02335786660197628,0.010380454469272231,0.04584221659719498,0.0,0.0,0.013248299429429981
TAM,9.194489286516157,3.152610441767068,3.438566552901024,1.8949771689497716,0.0,0.3419393834729298,0.2674962352381707,0.26555723187760705,0.18463020012206682,0.37637228169376363,0.047527011184689966,0.12406178791443563,0.34422964156691827,0.20009375819059194,0.07484560911577302,0.024772686200769566,0.1609878583114916,0.12151323669943997,0.13709645785117486,0.0,0.17638691322901853,0.24471577789364526,0.20091434846549555,0.2586141835288594,0.11919371568894686,0.3997781450559434,0.2539335872669207,0.531868918607394,0.053961429230900235,0.38611343698512984,0.0,0.0,0.2750574783408025,0.01116338780911537,0.0,0.11121449451620231,0.4398660561507176,0.12488984283343156,0.4781615199884872,0.17025341349665674,0.032098843214725684,0.2769787724532624
potate,3.698542105719935,2.4196787148594376,0.4152445961319681,0.2054794520547945,0.0,0.04822222074618241,0.0,0.023794859585744302,0.004122575772459581,0.029560779402733932,0.0,0.01518325693306506,0.03294828738615714,0.011144023373059303,0.003590195773707965,0.0,0.008019900030845767,0.0,0.03765739614796219,0.0,0.0,0.011459413621804974,0.02753098847333195,0.0724522226228711,0.0,0.0401126598818724,0.014646681313347983,0.047904905555218785,0.0,0.038067422978823116,0.0,0.0,0.022779043280182258,0.0,0.0,0.0,0.042487751415464264,0.0,0.04012753635726158,0.0,0.0,0.022626309137902884
SHresTho.28,9.036194746640005,2.3017068273092365,0.4180887372013652,0.45662100456621,0.0,0.05101193599596155,0.0,0.0032800418189158132,0.0,0.02211932657062996,0.0,0.0,0.010856327424374737,0.003136515009019285,0.0,0.0,0.0008766692341410353,0.0,0.0,0.0,0.0,0.013865890482384019,0.0074240867793254695,0.0,0.0,0.01510022482420436,0.0,0.06670238778292502,0.0,0.02688683040741688,0.0,0.0,0.018405806639252578,0.004465355123646149,0.0,0.0,0.018367461868022888,0.0,0.05520031742678023,0.0,0.0,0.004763433502716397
khalid9029,1.0441255242851195,1.4056224899598393,0.8703071672354947,0.730593607305936,0.8178839853536333,0.3098576581004696,0.0,0.02185400643845684,0.00528205020846384,0.05248817297458102,0.0,0.008640588840128362,0.0348243099722389,0.013196489415827689,0.004512676632230151,0.0,0.015866630830256273,0.013738933797675374,0.0809045620366375,0.0,0.021008863114126274,0.03311770536701637,0.03441373559166494,0.09308098045299414,0.0068329178902811006,0.048298603567084916,0.014646681313347983,0.10733893354343069,0.0,0.06997181661438838,0.0,0.0,0.04143960156842103,0.012907667154289646,0.0,0.004688885144293115,0.048985674246132746,0.0,0.0802176403112048,0.0,0.0026859569218933683,0.004763433502716397
Hasib_39,1.0389405534211644,1.8273092369477912,0.7053469852104665,0.1598173515981735,0.08016958951628447,0.47385306171248665,0.0,0.028841077768691707,0.012528765433490447,0.04659048993584708,0.0,0.0028801962800427874,0.013644732579643793,0.011490919042259594,0.00249319150951942,0.0,0.02329126162804331,0.0,0.06648884007374574,0.0,0.0,0.007334024717955184,0.03162970304941789,0.03220098783238715,0.0024667573611123106,0.03531167302259018,0.014646681313347983,0.09434849271804638,0.0,0.054427208966399306,0.0,0.0,0.04129099643984575,0.004465355123646149,0.06931469728303502,0.013553808620222284,0.041500067145202664,0.0,0.06326076160799632,0.0,0.0016248381379354944,0.023698081676014074
not_available_,3.226690691836626,2.4071285140562244,0.6313993174061433,0.319634703196347,0.4420890344960494,0.5726886877046622,0.0,0.017195958884966927,0.0,0.03428857439492965,0.0,0.0,0.017150742002812972,0.010667041827908905,0.003590195773707965,0.0,0.008452823109433932,0.013738933797675374,0.03765739614796219,0.0,0.0,0.0,0.027994993897039796,0.10465321045525824,0.0,0.0314291091133562,0.027126693793360468,0.08341409288660777,0.0,0.04704141211376074,0.0,0.0,0.021823724596484028,0.0,0.0,0.017986270358186868,0.040113843607993374,0.0,0.06870093755692853,0.0,0.0,0.017803332716402536
lelbaba,50.0,4.999999999999999,2.727531285551763,3.013698630136986,1.0491424166506071,0.019528006748454032,0.7579059998414837,0.8108108108108109,0.8108108108108107,0.6663959709216483,0.6057317575488737,0.7940452238226603,0.8108108108108107,0.8108108108108109,0.8108108108108107,0.7757887224918315,0.8108108108108109,0.8108108108108109,0.0,0.8108108108108107,0.8108108108108109,0.7688120598868957,0.7602342196266565,0.6389883522989326,0.8108108108108109,0.6572283776923753,0.751920751920752,0.4880038787241661,0.8108108108108109,0.6795776392364989,0.37315484498583085,0.06288605047653652,0.6011395890431319,0.5145972924133152,0.468516009413107,0.8108108108108107,0.6194253237048563,0.5931456561582586,0.6117078575605559,0.8065966174074282,0.8108108108108109,0.8108108108108109
_Apurbo_,7.09295635224395,3.019578313253012,1.5784982935153582,2.237442922374429,0.0,0.07372818874416319,0.11413172703495283,0.07499456561118761,0.08620370355459434,0.11507115311362072,0.0,0.02122811332327832,0.10607216228517974,0.08206250674519351,0.04396743227037498,0.0,0.05252980404819154,0.0318132644826172,0.03765739614796219,0.0,0.04289309552467448,0.09052936761225928,0.07354485965769293,0.10465321045525824,0.04806476718127337,0.14143713430742733,0.04662671329337997,0.2088623296473736,0.0,0.12915657502820516,0.0,0.0,0.055663235303483584,0.008930710247292297,0.0,0.08469298791879439,0.16498659261922632,0.015570681703908348,0.15049073880750372,0.0,0.0074609914497037995,0.06853389952033218
_Faisal101_,8.802596324068448,2.9216867469879517,1.3168373151308304,1.6666666666666665,0.0,0.22198162773242647,0.0,0.12629131429399526,0.08568838158303689,0.15047534239829038,0.047527011184689966,0.09917120277826338,0.15595591039377973,0.12366107907679487,0.0659698473418839,0.0311835091472946,0.10483232348012428,0.07547254299523005,0.0,0.0,0.07090491301017618,0.23274069065885905,0.10749458982565006,0.35899070028762864,0.0931324241687953,0.17247614404066275,0.10634010634010636,0.21413412070829654,0.04885212446983494,0.15385788419759128,0.12128325508607198,0.0,0.09717713943619229,0.0,0.16772445268487488,0.1352816627958943,0.17773984916155156,0.0,0.18915841143534992,0.08905995392481877,0.05534397657580285,0.15510930343220267
aargon,11.137583542598769,3.6470883534136544,3.000568828213879,2.9452054794520546,0.48448641356716143,0.25665380297968154,0.4755488626456368,0.32180315608599785,0.171779358456353,0.365264375602406,0.19010804473875986,0.21962385584795402,0.31354693336941747,0.3752616171505216,0.2279649656729081,0.10783637363753525,0.2375665393752558,0.19408533811516082,0.03765739614796219,0.12445292568086123,0.15690994638363062,0.3414905259297883,0.26804046642856333,0.18440096938390457,0.21489156751329888,0.37149440417285284,0.21354688021354695,0.47248161882359013,0.04535628437015868,0.3874872935833137,0.12128325508607198,0.0,0.3355291510189006,0.08121364631131432,0.3123440062754047,0.31214054933220026,0.38592463275906164,0.0,0.3416081126831796,0.047479912344777206,0.1513254865809924,0.2719325100863223
Rafio,16.706008388561912,4.036144578313253,1.4135381114903298,1.3013698630136985,0.08055502023511277,0.07372818874416319,0.0,0.12303068100655232,0.10647840237305765,0.14976376100915886,0.18488007350844396,0.11858585918447774,0.14290576420753892,0.0903952297991088,0.09621226035235443,0.06664090025893922,0.07068551565648276,0.0735490922635555,0.20770407562860396,0.0,0.05372579056789584,0.09459745944800008,0.10254519863943305,0.15572196459568477,0.09614186814935231,0.16453593224843954,0.0584133917467251,0.19935951207824848,0.12056166497601467,0.17468358255419827,0.0,0.0,0.14599392417317186,0.08794656458368703,0.0,0.1357212457781718,0.12911805859393638,0.0,0.14768330855862813,0.03399449345395291,0.018768538491254892,0.07216601756615344
Tasfia_Tahsin,8.751306751404446,3.1626506024096384,2.2838452787258245,2.6940639269406392,0.0,0.09923415674214398,0.2674962352381707,0.249846025650315,0.11924872498071563,0.2649736121901526,0.047527011184689966,0.12464849456407394,0.29304395428655694,0.1582422411001987,0.10617256043288453,0.024772686200769566,0.1451320505582001,0.06197785690951334,0.03765739614796219,0.0,0.14093445672393043,0.3307186771252917,0.23354939659961377,0.15572196459568477,0.13544964669867698,0.308651544189452,0.16943350276683616,0.3230023409414384,0.02294705296197751,0.3340579753429608,0.0,0.0,0.19772973822145146,0.03125748586552304,0.0,0.17726183760339362,0.299095055947116,0.08839605758989635,0.2483140861461014,0.13653986626959597,0.03128642414575793,0.20887655909411398
sad_panda,10.217082567487507,3.2304216867469875,2.3947667804323096,2.1004566210045663,0.0,0.6982258739447239,0.0,0.23361078907325544,0.11324200324974915,0.2787951761214185,0.0,0.15878415417939587,0.18041083869486177,0.3035987534882284,0.17543342056733405,0.14107767780470207,0.15688050060338646,0.12365040417907837,0.3127329070725297,0.0,0.1350257139730824,0.1945235462301394,0.16379391456886824,0.27471467744505296,0.18747355944453556,0.23119377987050174,0.24474691141357818,0.360002582795296,0.2268262403136097,0.2856251381323187,0.05413864568794146,0.05478073730400515,0.29307054285453477,0.054770371438472285,0.0,0.20814254210838654,0.25934509601764005,0.10137162567648665,0.2779605495742275,0.2591728943080294,0.22127642641721537,0.24213127923495287
nabila_sheona,1.4119031507931425,1.8498995983935742,0.6825938566552902,0.2511415525114155,0.0,0.5595371729557035,0.0,0.005977827693645388,0.0032207623222340483,0.03972795077625687,0.0,0.0,0.015941066236924192,0.002832981298469032,0.00249319150951942,0.0,0.004448284632493402,0.013738933797675374,0.03765739614796219,0.0,0.0,0.016616149751617213,0.030469689490148284,0.03220098783238715,0.0024667573611123106,0.02697521855292162,0.0,0.0807208491052822,0.0,0.05665489460130552,0.0,0.0,0.029954548059960086,0.004465355123646149,0.0,0.004688885144293115,0.019632390845726353,0.0,0.049785096413393556,0.0,0.0,0.0019053734010865588
hashi._.mukh,2.286040586629017,2.0381526104417667,0.7167235494880546,0.6621004566210045,0.0,0.4379852942153263,0.0,0.026764364901094122,0.016232642104059607,0.05424903539514371,0.0,0.018987960661022818,0.028140338791226308,0.028907972433357472,0.022812702312102695,0.0,0.028172469339124883,0.013738933797675374,0.0,0.0,0.0,0.055463561929536075,0.044312517964098894,0.10465321045525824,0.019018699254175913,0.04996036549342632,0.014646681313347983,0.1086430752482681,0.0,0.053443373039311376,0.0,0.0,0.045685462384857614,0.008442312030643499,0.0,0.027913519374619947,0.06123642475621971,0.0,0.10575901684208618,0.0,0.010146948371597169,0.022149965787631246
sadman.mehedi,10.536910206196334,2.4096385542168672,2.2127417519908987,1.4155251141552512,0.0,0.36266298247128925,0.0,0.04679396938110077,0.01793964613484365,0.16655225751205793,0.047527011184689966,0.025708418647789322,0.10611316824334549,0.03761649912890642,0.02700126404809532,0.0,0.03858968091765262,0.04017874861720176,0.03765739614796219,0.0,0.0,0.22288559494410679,0.05885135457361128,0.16553320307586525,0.021090775437510253,0.14478830299807172,0.025133358466691808,0.31846545709529306,0.0,0.16737157339609168,0.0,0.0,0.12279029481134597,0.008930710247292297,0.0,0.02593539595437129,0.19028517217329552,0.0,0.19643277514688084,0.03399449345395291,0.015187262595397068,0.0708858448122984
_labib,8.802596324068448,2.8187751004016057,3.0915813424345844,2.8995433789954337,1.2378107535170557,0.5806593027040312,0.07608781802330189,0.1769087643752522,0.13428968502554867,0.2887211334647273,0.0,0.09924231873579532,0.2327139383352394,0.12750583941043137,0.1476218692786449,0.0,0.1415171428519889,0.09376059042813571,0.10973600596242107,0.0,0.026479921216763323,0.3695087922351014,0.20470372609244292,0.25685319200677564,0.14246757139104152,0.28856296193756087,0.15600015600015607,0.4091096776093711,0.04419100433693325,0.33260681735050596,0.04144990060483018,0.0,0.26481433912114943,0.04332789893412903,0.0,0.2421003274893218,0.2958720862231042,0.05725469418207965,0.33511982944133406,0.10591672753834916,0.05499579697481668,0.2058398702361323
rrifahhh,1.1133116242420988,1.4959839357429716,0.4522184300341297,0.2511415525114155,0.0,0.2771781366030567,0.0,0.0012421460142639767,0.0,0.023590732154935776,0.0,0.006009298411447296,0.005259014134753768,0.0017489323322181266,0.0,0.0,0.0029547000113642305,0.0,0.0809045620366375,0.0,0.0,0.007334024717955184,0.017632206100897992,0.0,0.0,0.012839491408701022,0.0,0.05375442714336601,0.0,0.031166516690249314,0.0,0.0,0.00927720588391393,0.004465355123646149,0.0,0.0,0.017015893919243845,0.0,0.040140013825034355,0.0,0.0,0.0
_mephisto,2.221290898442908,1.9076305220883532,0.44937428896473264,0.365296803652968,0.024667566005010605,0.5153002597092055,0.0,0.0012421460142639767,0.00528205020846384,0.025442049836828736,0.0,0.006009298411447296,0.016110215814357794,0.0033677787884861454,0.0,0.0,0.003571615398352366,0.013738933797675374,0.0,0.0,0.0,0.03850362976926471,0.04040713898122456,0.03220098783238715,0.0,0.021959216287273587,0.014646681313347983,0.05757764386764523,0.007260590976250697,0.03653193619261804,0.0,0.0,0.024509231562880162,0.004465355123646149,0.0,0.004688885144293115,0.016652010240726406,0.0,0.05327878738977205,0.0,0.0,0.008276465710969742
rafidahmed,1.2559631098497588,1.6767068273092367,0.35551763367463024,0.2968036529680365,0.0,0.11517538674088196,0.0,0.008559162379537716,0.0020612878862297907,0.02888538011813455,0.0,0.0028801962800427874,0.008508736319387188,0.0013875826768011586,0.0,0.0,0.0042101769392699105,0.013738933797675374,0.03765739614796219,0.0,0.0,0.007334024717955184,0.017322869151759433,0.0,0.0,0.015487252555662813,0.0,0.05067036565244743,0.0,0.026191117858976144,0.0,0.0,0.014223633735062541,0.012907667154289646,0.0,0.0,0.02649419735491226,0.0,0.033364748824414626,0.0,0.0,0.014528472183285013
ThisWasUnplanned,17.856631874901375,4.073795180722891,1.4618885096700796,1.643835616438356,0.31605318943919836,0.2785729942279463,0.5433145755726401,0.21563848892937357,0.14987817466516146,0.20012925051785604,0.0,0.15734405603937449,0.24887028585253373,0.17694569926458095,0.1537052565618723,0.11234769348879363,0.1293033004973203,0.15778402192530297,0.0,0.0,0.10405952511215669,0.29553827730635035,0.19078356338120767,0.09131998893091045,0.1775571948528641,0.2416619585118543,0.15504682171348844,0.2300174621883859,0.24811501015138188,0.22196392625025207,0.025694708793300342,0.0,0.1402620120709824,0.1442867874328162,0.2169293303857948,0.2595371191196618,0.22193438830720472,0.015570681703908348,0.2395798587051552,0.25425633533741643,0.11176565191656293,0.2116155333581759
leafstar,1.151959907492861,1.9703815261044175,0.21899886234357221,0.182648401826484,0.0,0.0,0.0,0.007685778463258357,0.0,0.011252634509486232,0.0,0.0,0.003772548151246368,0.003468956692002896,0.0,0.0,0.0,0.0,0.03765739614796219,0.0,0.0,0.0,0.00494939118621698,0.03220098783238715,0.0,0.007113938302045829,0.0,0.03325348946406426,0.0,0.010488393722705092,0.0,0.0,0.003938035907244928,0.0,0.0,0.004688885144293115,0.007832162985232401,0.0,0.02809925742430132,0.0,0.0,0.01691018893464321
SaidurIUT,1.6687921162919652,2.206325301204819,0.27588168373151306,0.319634703196347,0.0,0.07372818874416319,0.0,0.0012421460142639767,0.0032207623222340483,0.017270924563327208,0.0,0.0,0.007258054595332684,0.0025583555603521362,0.00249319150951942,0.0,0.0033984461669170998,0.0,0.03765739614796219,0.0,0.0,0.0,0.017322869151759433,0.03220098783238715,0.0024667573611123106,0.012040862756485169,0.0,0.03827464742861764,0.0,0.018538279826128,0.0,0.0,0.007324109908353102,0.0,0.0,0.004688885144293115,0.012233422715871845,0.0,0.03588519731451626,0.0,0.0,0.0019053734010865588
Keeper24,1.398920219474479,1.8473895582329316,0.23606370875995447,0.319634703196347,0.0,0.025505967997980775,0.0,0.0012421460142639767,0.0020612878862297907,0.014846723559675833,0.0,0.0,0.0049207149798865665,0.0013875826768011586,0.0,0.0,0.005151784635199171,0.0,0.0,0.0,0.0,0.0,0.01237347796554245,0.03220098783238715,0.0,0.010326882802883453,0.0,0.03609116587719596,0.0,0.011412496754219814,0.0,0.0,0.001358675461259706,0.0,0.0,0.004688885144293115,0.008906486226569588,0.0,0.043172038493819974,0.0,0.0,0.002858060101629838
osborne_17,9.490086930450047,2.193775100401606,0.3356086461888509,0.2054794520547945,0.0,0.07372818874416319,0.0,0.012460277205585516,0.003897122409903198,0.02021373573193883,0.0,0.006009298411447296,0.008800903771317951,0.0013875826768011586,0.006482297924750494,0.0,0.012533123125127393,0.0,0.03765739614796219,0.0,0.0,0.0,0.016781529490766948,0.03220098783238715,0.004834844427780129,0.017090653157419252,0.0,0.06339318130713223,0.0,0.018699910014149584,0.0,0.0,0.00870401467369499,0.0,0.0,0.01904859589869078,0.02049878055648215,0.0,0.034213216632963686,0.0,0.0,0.002858060101629838
Nishita2000,8.649400335113475,2.4899598393574296,2.619453924914676,1.1187214611872145,0.0,0.41188153009239276,0.3816279622731235,0.13588883310733174,0.03269073757067559,0.21732178052136333,0.047527011184689966,0.0368380660015349,0.1941785891490027,0.08460640831932899,0.04186068544483107,0.011397018571600056,0.07820214260846975,0.006106192798966833,0.03765739614796219,0.0,0.04289309552467448,0.30963335606117043,0.12280676880800882,0.16553320307586525,0.06645444330836565,0.20968916758525866,0.04662671329337997,0.39704530483497863,0.03383793942635356,0.26994349619448527,0.04144990060483018,0.0,0.1770630106974465,0.004465355123646149,0.0,0.16242591195152867,0.2241090264812017,0.015570681703908348,0.20854839635425057,0.08905995392481877,0.006698312323734078,0.1153048622251288
OrangeTailor,4.190806084019542,2.59789156626506,0.8503981797497155,0.7077625570776256,0.0,0.11517538674088196,0.0,0.06253428840560209,0.018938082454736205,0.07115813891314983,0.0,0.027877455352512896,0.05284130284130272,0.03706724765267262,0.03358328963322659,0.0,0.03381670397621808,0.027477867595350747,0.0,0.0,0.0,0.0896126145225149,0.01979756474486792,0.03220098783238715,0.03739604159446263,0.0783485424310375,0.05520672187338855,0.10741964589649877,0.0,0.09060074778557807,0.01712980586220023,0.0,0.04927321477474653,0.0,0.0,0.12125163927820476,0.07553185498369035,0.0,0.08638150939095829,0.047479912344777206,0.0,0.048557250268315276
yeadkh,1.2739587126035732,2.120983935742972,0.34698521046643915,0.182648401826484,0.0,0.07372818874416319,0.0,0.008559162379537716,0.00528205020846384,0.016233704233406723,0.0,0.0,0.004264619649235024,0.0038303063474198645,0.0,0.0,0.0015693461598821003,0.0,0.03765739614796219,0.0,0.0,0.0,0.00494939118621698,0.03220098783238715,0.0,0.012624476002335214,0.014646681313347983,0.04991421834475665,0.0,0.021229773826661368,0.0,0.0,0.012185620543172987,0.0,0.0,0.004688885144293115,0.02455348440281928,0.0,0.041874381845450816,0.0,0.0,0.0
nuhislam,0.7412316665782046,1.8524096385542166,0.3270762229806598,0.0684931506849315,0.0,0.09923415674214398,0.0,0.005977827693645388,0.0020612878862297907,0.019369486626189595,0.0,0.0,0.006560953306515421,0.0,0.0,0.0,0.0033984461669170998,0.0,0.03765739614796219,0.0,0.0,0.0,0.01237347796554245,0.03220098783238715,0.0,0.01335552838397896,0.0,0.04236973734217896,0.0,0.02029512969592785,0.0,0.0,0.004840281330737703,0.0,0.0,0.004688885144293115,0.01365430184151135,0.0,0.04699014363229076,0.0,0.0,0.002858060101629838
navid88,1.7668751397011124,1.8724899598393572,0.3868031854379977,0.502283105022831,0.0,0.23314048873154303,0.0,0.00886969888310371,0.0,0.015268848112550448,0.0,0.01728117768025672,0.016566407098951443,0.0013875826768011586,0.0,0.0,0.0015693461598821003,0.0,0.0,0.0,0.0,0.016501555615399163,0.029155007456309397,0.0,0.0,0.02238310380268046,0.0,0.05507980894111614,0.0,0.0370695322527768,0.0,0.0,0.023798049876127037,0.0,0.0,0.0,0.02753386500781921,0.0,0.037981411900343355,0.0,0.0,0.004465718908796623
Blank_sheet,0.0,0.0,0.0,0.0,0.0,0.0,0.0,0.0,0.0,0.0,0.0,0.0,0.0,0.0,0.0,0.0,0.0,0.0,0.0,0.0,0.0,0.0,0.0,0.0,0.0,0.0,0.0,0.0,0.0,0.0,0.0,0.0,0.0,0.0,0.0,0.0,0.0,0.0,0.0,0.0,0.0,0.0
renzhamin,8.751306751404446,3.370983935742972,0.8987485779294653,0.547945205479452,0.5342069762960109,0.13231220898952528,0.0,0.07941000652126658,0.05568698055142669,0.10593517171926291,0.0,0.044554147393748286,0.055204271180602435,0.04769092752193149,0.04575006419968137,0.0,0.06464082717169548,0.013738933797675374,0.0,0.0,0.0,0.07574672404013089,0.05513931118394854,0.10465321045525824,0.05552670819863811,0.08443655007985215,0.06292006292006294,0.18395619669798582,0.0,0.09255436484079553,0.05413864568794146,0.0,0.06601252104354775,0.029652748867962705,0.12322612850317335,0.10125061358457943,0.12132055119713417,0.05855225099073868,0.0932191617304419,0.03399449345395291,0.02099025594516669,0.06898047141121184
Codingisunhealthy,4.634596631811297,2.8463855421686746,0.7508532423208191,1.2100456621004565,0.0,0.07372818874416319,0.11413172703495283,0.02746307203411761,0.02185287235635802,0.05157155965976757,0.0,0.018081232202490832,0.05717768291732778,0.031112205331400983,0.024183957642338376,0.0,0.00732181156662235,0.0,0.0,0.0,0.0,0.03919119458657301,0.03000568406644044,0.03220098783238715,0.022447491986122028,0.07328032213812918,0.04056004056004057,0.09741981015321732,0.0,0.06264223895758338,0.01712980586220023,0.0,0.01842703594333476,0.008442312030643499,0.0,0.0857186815441085,0.07197965716959161,0.015570681703908348,0.10340077543303068,0.0,0.0074609914497037995,0.03727386715875581
ZodMan,0.042438236148537034,0.9061244979919678,0.06257110352673492,0.0228310502283105,0.0,0.025505967997980775,0.0,0.0,0.0,0.0015437697933700296,0.0,0.0,0.0009841429959773131,0.0,0.0,0.0,0.0,0.0,0.0,0.0,0.0,0.0,0.0,0.0,0.0,0.002291449902127024,0.0,0.00673735747189651,0.0,0.003759658721371674,0.0,0.0,0.001358675461259706,0.0,0.0,0.0,0.00251253016119181,0.0,0.015796474200339902,0.0,0.0,0.0
Rumman023,0.6715193062825213,1.8072289156626504,0.3583617747440273,0.0684931506849315,0.0,0.0,0.0,0.0035905783224818083,0.0032207623222340483,0.017620684907137613,0.0,0.0,0.006622462243764004,0.0033677787884861454,0.0,0.0,0.004697215402681597,0.0,0.0,0.0,0.0,0.009282125033662028,0.00494939118621698,0.0,0.0,0.012415603893294148,0.014646681313347983,0.05098471902755483,0.0,0.021250856025098967,0.0,0.0,0.010402359000269621,0.004465355123646149,0.0,0.0,0.017241155244040348,0.0,0.043371677978184454,0.0,0.0,0.0038107468021731177
Mirza_Mohammad_Azwad,4.477771762625853,2.67570281124498,1.1234357224118316,1.5296803652968036,0.2387743303141261,0.09923415674214398,0.0,0.026570279586365386,0.07443181726682888,0.09748665031101525,0.0,0.03262444551776861,0.06778797459270819,0.0157331639968548,0.030080355562351807,0.0,0.024281573170313736,0.011082739930124801,0.03765739614796219,0.0,0.0,0.03300311123079833,0.04709655050634595,0.03220098783238715,0.004477164610418844,0.07010116577257765,0.027126693793360468,0.16020127678446447,0.0,0.0935838788644982,0.0,0.0,0.056512407466770886,0.03411810399160885,0.0,0.004688885144293115,0.09132613941076854,0.0,0.09942046321351378,0.0,0.011970746281524763,0.018398761904242084
MushfiqTalha,14.49757570195041,3.8604417670682727,2.0392491467576788,1.5981735159817352,1.2499518211601466,0.07372818874416319,0.0,0.2794537404121854,0.1677695093651716,0.25811710338131755,0.3469471816482368,0.14991243847728877,0.30140916975236376,0.24090458827338435,0.1675175375246099,0.08670440170269349,0.1911030699657809,0.1470065916351265,0.03765739614796219,0.0,0.08337892548418865,0.32521815858682523,0.12079607863860818,0.1252819682853813,0.16616077584452524,0.28147359682481404,0.19283352616685956,0.296626393562494,0.17972203589361294,0.27908262921718413,0.14676648479465382,0.10089717432013193,0.2064655968512698,0.11700625847429047,0.2169293303857948,0.15572227147179712,0.26295794111149146,0.0,0.2771120817656783,0.3726751699724673,0.11425264906646419,0.26675227615211816
sakib_ayan323,8.751306751404446,2.7886546184738954,0.9129692832764504,1.4840182648401825,0.6344189631913667,0.025505967997980775,0.0,0.04755090210854287,0.033431512904789414,0.10916140937337604,0.047527011184689966,0.02673960003200217,0.06306716365887952,0.04448214258182882,0.016928770349636864,0.0,0.020569257771420223,0.029431849291020135,0.0,0.0,0.021008863114126274,0.045150089669911596,0.09477310779232673,0.03220098783238715,0.02932974502362537,0.1006210668818726,0.027126693793360468,0.1419772770654002,0.0327174778559445,0.08602942442435887,0.0,0.0,0.0698019518222174,0.008442312030643499,0.0,0.04000205138725063,0.09759013701953292,0.0,0.08493412312931577,0.11013092094173176,0.011970746281524763,0.04793204962108375
Saadman47,1.1024501285826664,1.5687751004016062,0.6029579067121729,0.2054794520547945,0.0,0.751628994440496,0.0,0.009102601260778205,0.0032207623222340483,0.04037922865783485,0.0,0.01297866224957552,0.020174931417534927,0.002081374015201738,0.0,0.0,0.004708038479646301,0.013738933797675374,0.0,0.0,0.0,0.014668049435910368,0.028304330846178356,0.0,0.004834844427780129,0.022859209345347613,0.012480012480012483,0.06498618827558189,0.0,0.060765923296637166,0.0,0.0,0.037873078482614314,0.004465355123646149,0.0,0.00886492347592917,0.008196046663749835,0.0,0.033389703759960185,0.06321290105073889,0.0,0.0
meh.reen,1.292147008652441,2.1285140562248994,0.4152445961319681,0.2968036529680365,0.0,0.09285766474264878,0.0,0.019233854689618763,0.0061838636586893725,0.02956077940273394,0.0,0.008889494691490083,0.02662311833909461,0.0161740105764635,0.00249319150951942,0.0,0.0020022692384702658,0.0,0.0,0.0,0.0,0.023835580333354346,0.017632206100897992,0.03220098783238715,0.0024667573611123106,0.02548239730301045,0.012480012480012483,0.05086577450724392,0.0,0.03264227058088118,0.0,0.0,0.02199355902914149,0.004465355123646149,0.0,0.013553808620222284,0.036128450938516715,0.0,0.037632042802705504,0.0,0.0,0.010122296193272344
AbDhrubo,9.036194746640005,2.299196787148594,0.09954493742889647,0.182648401826484,0.024667566005010605,0.0,0.0,0.0,0.0,0.0033528750199755338,0.0,0.0,0.0023373396154461193,0.000925055117867439,0.0,0.0,0.0008766692341410353,0.0,0.0,0.0,0.0,0.0,0.0,0.0,0.0,0.006419745704350509,0.0,0.010696510790816785,0.0,0.008158810795350493,0.0,0.0,0.006474937745065787,0.0,0.0,0.0,0.006723184155464981,0.0,0.010481072929135483,0.0,0.0,0.0
TreasureCrusho,0.0,0.0,0.05972696245733788,0.0,0.0,0.0,0.0,0.0,0.0,0.0042936097378103956,0.0,0.0,0.0006560953306515422,0.0,0.0,0.0,0.0006926769257410649,0.0,0.0,0.0,0.0,0.0,0.0,0.03220098783238715,0.0,0.0015726841151327564,0.0,0.0065249565427698865,0.0,0.0035980285333500886,0.0,0.0,0.00212293040821829,0.0,0.0,0.004688885144293115,0.0,0.0,0.0,0.0,0.0,0.0
curryfizz,13.373508981427271,3.4161646586345378,1.5529010238907848,1.917808219178082,0.2038928502601658,0.17615059148605475,0.11413172703495283,0.08833793099878894,0.0375057772424155,0.14401683673930876,0.0,0.025583965722108457,0.12218237809953748,0.10072260295092576,0.05796670259632654,0.026909627182944578,0.0824989041634573,0.02772211530730942,0.03765739614796219,0.0,0.07834555202976257,0.11791736616837317,0.12961218168905717,0.13685419828764542,0.058425148097945065,0.13934841321701658,0.07999341332674668,0.2010587195112614,0.017568837424014033,0.14385086733921099,0.0,0.0,0.13034792706460308,0.01625668349702426,0.0,0.07370341336185739,0.15476319403230787,0.10137162567648665,0.1584887956498559,0.07192223408439626,0.02928024644483758,0.14110183178827726
story_times,3.424818498366512,2.715863453815261,0.5802047781569966,0.3881278538812785,0.0,0.0,0.4755488626456368,0.059186316726531206,0.046121316454391575,0.06080402666621097,0.19010804473875986,0.025175048966299914,0.0595560284909396,0.050560043785942206,0.003590195773707965,0.0,0.029395477036136444,0.0,0.0,0.12445292568086123,0.08753692964219281,0.10273364311948159,0.07238484609842334,0.0,0.006536907006947623,0.06465206104553561,0.012480012480012483,0.055708515691330916,0.0,0.07396337951857357,0.0,0.0,0.04488936348177577,0.022954716182493482,0.0,0.00886492347592917,0.0572163764983128,0.0,0.06438373370754655,0.0,0.0,0.07639356479981423
nafisa15,1.3732231724184176,2.1611445783132526,0.4209328782707622,0.1141552511415525,0.0,0.07053994274441559,0.0,0.0012421460142639767,0.0032207623222340483,0.01923681890957186,0.0,0.0,0.007739874603779911,0.0,0.001595642566092429,0.0,0.004524046171246331,0.0,0.03765739614796219,0.0,0.0,0.014668049435910368,0.03294438508325677,0.0,0.0,0.01282720481405155,0.0,0.0501945875712038,0.0,0.034082887474117064,0.0,0.0,0.018405806639252575,0.004465355123646149,0.0,0.0,0.013290418162993919,0.0,0.027500338971207863,0.0,0.0,0.0019053734010865588
Rytguy,0.0,0.0,0.011376564277588168,0.0,0.0,0.0,0.0,0.0,0.0,0.0015437697933700296,0.0,0.0,0.0,0.0,0.0,0.0,0.0,0.0,0.0,0.0,0.0,0.0,0.0,0.0,0.0,0.0007863420575663782,0.0,0.0,0.0,0.0008995071333375221,0.0,0.0,0.0,0.0,0.0,0.0,0.0,0.0,0.001597115874915883,0.0,0.0,0.0
sectumsemprra,3.263167285231726,2.6179718875502007,0.5887372013651877,0.410958904109589,0.0,0.07372818874416319,0.0,0.042213555953502346,0.008373982037808526,0.042996400885657475,0.0,0.013743158793043669,0.04188758626628441,0.017568820246373,0.012067046906073993,0.0,0.010833900041668846,0.0,0.0,0.0,0.0,0.0444625248526033,0.04183782237099041,0.10465321045525824,0.004834844427780129,0.053053515696431575,0.0,0.06719940595708132,0.0,0.058014696400530585,0.0,0.0,0.05547217156674393,0.008442312030643499,0.0,0.01904859589869078,0.05823871635700466,0.0,0.05138221228830943,0.0,0.0,0.03694638110544405
Rowshan_Mannan,2.1668945180095345,2.085843373493976,0.9982935153583617,0.6621004566210045,0.024667566005010605,0.1829256142355184,0.0,0.023348463361868185,0.0032207623222340483,0.05753557655681038,0.0,0.015858858529618308,0.024870113627510033,0.008036416336473376,0.003590195773707965,0.0,0.015909923138115085,0.013738933797675374,0.03765739614796219,0.0,0.0,0.020741538655467004,0.02668031186320091,0.10465321045525824,0.0,0.051947722177978876,0.014646681313347983,0.158157979846266,0.0,0.07895986054828438,0.0,0.0,0.0322897715090002,0.0,0.0,0.004688885144293115,0.06685063008191727,0.0,0.12462494811453004,0.0,0.0,0.01786287563518649
rubick,18.610956302698145,3.4111445783132526,2.087599544937429,1.8949771689497716,0.3364810175370978,0.5053369909599942,0.0,0.21337739501278372,0.1119698021324667,0.2743266862117031,0.0,0.18687495740450452,0.22589669779018837,0.1754424846980464,0.23200393591832966,0.09347138147958102,0.16668620833340836,0.09776014671145898,0.2789000902208449,0.0,0.07703249808512967,0.25548762669814185,0.23157737354885546,0.2442746811347494,0.17935792772647607,0.24215035064917095,0.1115834449167783,0.45424912306736204,0.05974301093421099,0.26373830245435265,0.1702406631984097,0.0,0.21773835731890892,0.0995634650225477,0.12322612850317335,0.1360509330148799,0.28518083719237786,0.0,0.23794531042692096,0.42816204978367134,0.0940582322092659,0.2306394959096495
Ryuzaki_L_07,10.303575905934611,3.220381526104417,1.6638225255972694,1.689497716894977,0.0,0.07372818874416319,0.07608781802330189,0.09745023652530355,0.07729829573361718,0.12880226178355647,0.07129051677703495,0.061995335978451846,0.1475958206727433,0.06924904796410783,0.03979133649192995,0.013375667629169509,0.052757088664450336,0.014227429221592721,0.03765739614796219,0.0,0.05689900426742533,0.20065433251780507,0.07563288406437824,0.0644019756647743,0.05394798348752624,0.15966736911858537,0.07713341046674382,0.2057357879706298,0.0,0.16101880426689538,0.01712980586220023,0.0,0.08920553575333258,0.02016386923021464,0.0,0.07231140058464539,0.17575581672392085,0.010380454469272231,0.17052955205058895,0.1703938866101028,0.027688568268900766,0.09118998011762705
Brownbear2710,16.091318116901494,3.998493975903614,1.3765642775881684,0.7990867579908676,0.0,0.23035077348176392,0.4291828485376872,0.26133587628225696,0.18828576535780248,0.1758209066230334,0.0,0.12431069376579736,0.2169266444414367,0.23288985291623607,0.24077997003183796,0.14091938588009653,0.14612236210047055,0.22113577221458383,0.0,0.0,0.04289309552467448,0.27261945006274035,0.21089046507521417,0.0,0.21376919291399285,0.20976595880181823,0.17797017797017803,0.20778758094599345,0.2370896682985567,0.18294780434173727,0.025694708793300342,0.0,0.13582508751780623,0.1525895571158457,0.2169293303857948,0.2918464683170566,0.22909943121515516,0.0,0.21170519570076393,0.2182952182952183,0.18843148405751928,0.25261083294092895
Tasnim34,2.078461593247785,1.7645582329317266,0.5005688282138794,0.365296803652968,0.0,0.534429735707691,0.0,0.01975788503938638,0.003897122409903198,0.028463255565259922,0.0,0.012303060653022274,0.01585905432059275,0.008961471454340815,0.0,0.0,0.009113030804280884,0.013738933797675374,0.03765739614796219,0.0,0.0,0.0,0.03193903999855645,0.03220098783238715,0.0,0.022767059885476542,0.014646681313347983,0.07366064222111322,0.0,0.039103964402005024,0.0,0.0,0.019806940708676644,0.008930710247292297,0.0,0.004688885144293115,0.03391049327898188,0.0,0.0405517702615361,0.0,0.0,0.010717725381111895
13fairuzkhan,2.0096870476272333,2.1385542168674694,0.44937428896473264,0.1598173515981735,0.0,0.025505967997980775,0.0,0.0012421460142639767,0.0,0.02070822449387767,0.0,0.0,0.004592667314560796,0.0023126377946685976,0.0,0.0,0.003647376937105295,0.0,0.03765739614796219,0.0,0.0,0.007334024717955184,0.0074240867793254695,0.0,0.0,0.015763700935275994,0.0,0.060780649878874736,0.0,0.021538979403746147,0.0,0.0,0.005795600014435933,0.008930710247292297,0.0,0.0,0.018662034369679857,0.0,0.05502563287796129,0.0,0.0,0.006668806903802956
ssshanto,24.525709673680073,4.29718875502008,2.2013651877133107,1.689497716894977,0.1560994411254577,0.2861450784773469,0.11413172703495283,0.34962528595236375,0.29057717671195576,0.31980156125781,0.0,0.2359094101227638,0.31864704941627936,0.3116857587764603,0.20192358035597788,0.09141358645970878,0.2039608853998494,0.11189598304106722,0.0,0.0,0.1608491082175293,0.37753038177036496,0.13726827118023657,0.18616196090598827,0.1747327576743905,0.3239237813387493,0.4287404287404289,0.3318169795001935,0.22229957556915714,0.3535379266993017,0.07126845155014168,0.10089717432013193,0.2900135230667006,0.08738839519323126,0.2169293303857948,0.20129237396789582,0.32048621790567655,0.07412293269464704,0.34789675644066087,0.11659268416025173,0.2134672553665254,0.30710748935794363
whiteflags26,3.988354585738424,2.622991967871486,0.5546075085324232,0.867579908675799,0.0,0.07372818874416319,0.0,0.03686650553272537,0.01793964613484365,0.05888034477525381,0.0,0.02361049790059766,0.06436910283064116,0.03173372673871817,0.016056153321305066,0.013375667629169509,0.017679496221844213,0.0,0.0,0.0,0.0,0.09190449724687588,0.024514953219230976,0.06087999262060696,0.01743997454306404,0.06663634608142575,0.027126693793360468,0.07406845200503626,0.022722960647895703,0.0622733004849254,0.0,0.0,0.05272297668810125,0.012663468045965248,0.14461955359052986,0.025349285311334648,0.08025367890730946,0.0,0.045467892564011556,0.0,0.008289990499670889,0.029354658960489794
nstuli,1.3228927677084727,1.6039156626506024,0.7423208191126279,0.2968036529680365,0.0,0.3060716159757694,0.0,0.01771998923473454,0.009179172618367037,0.03814799887835473,0.0,0.0028801962800427874,0.019344560764679067,0.0042928339063535844,0.003590195773707965,0.0,0.00870175387962213,0.0,0.06648884007374574,0.0,0.014005908742750851,0.03128419918752758,0.01979756474486792,0.10465321045525824,0.001578724711111879,0.032633195389004714,0.014646681313347983,0.08842675481399613,0.0,0.05264927689816188,0.0,0.0,0.027343343657851585,0.004465355123646149,0.0,0.004688885144293115,0.03905684816087131,0.0,0.08489669072599743,0.0,0.0,0.01881556233572977
Mr_nOoB,10.36154243476644,3.5818273092369473,5.0,4.931506849315069,0.0,0.38019833546990095,0.8108108108108107,0.7202214901611678,0.5255962033653743,0.6287726125590072,0.0,0.49265579580238034,0.6002452156298291,0.6121624512418855,0.75945106571471,0.37024481165239637,0.6204761793095237,0.6116268017085128,0.15062958459184875,0.17921221298044018,0.5471058102637052,0.8108108108108109,0.3331558942222305,0.6920696681788834,0.7015087921399239,0.6915386932510352,0.6383006383006384,0.8108108108108107,0.10424774451085878,0.7527223267157491,0.25017975722201075,0.04723441124682076,0.6841886266126311,0.15820613660730692,0.16772445268487488,0.6569933989288829,0.8108108108108109,0.8108108108108109,0.7634089107420187,0.32645951564870485,0.600576651739157,0.6081713724593157
aaakloo_waiting,1.451394564521738,2.1661646586345378,0.3640500568828214,0.45662100456621,0.2069762960107921,0.16160421911220635,0.0,0.012848447835043011,0.00528205020846384,0.02430231354406727,0.0,0.0,0.012153140851365676,0.002442723670618706,0.0,0.0,0.0037556077067523366,0.0,0.043247165888675325,0.0,0.021008863114126274,0.0,0.02722165152419339,0.03220098783238715,0.002368087066667818,0.0214186061226967,0.014646681313347983,0.048716277104482494,0.0,0.02390018562875713,0.0,0.0,0.012355454975830451,0.0,0.0,0.004688885144293115,0.0193551461382845,0.0,0.04879937645934391,0.0,0.0,0.003602346586429275
fariya_ahmed,2.867410800009263,2.59789156626506,0.477815699658703,0.136986301369863,0.0,0.07372818874416319,0.0,0.007491693148529609,0.007858660066251077,0.024845045112048925,0.0,0.0,0.008477981850762897,0.004589140623795498,0.0,0.0,0.0017533384682820706,0.0,0.0,0.0,0.0,0.023148015516046047,0.00494939118621698,0.09308098045299414,0.0,0.03038474856815085,0.0,0.06656220316970143,0.0,0.041665451512173206,0.0,0.0,0.019679564884183553,0.004465355123646149,0.0,0.004688885144293115,0.027551192802034337,0.0,0.05417716506941224,0.0,0.0,0.006192463553531318
nowshining,0.29870178768339395,1.475903614457831,0.17349260523321958,0.045662100456621,0.0,0.025505967997980775,0.0,0.0,0.0,0.006175079173480118,0.0,0.0,0.0006560953306515422,0.000925055117867439,0.0,0.0,0.0006926769257410649,0.0,0.0,0.0,0.0,0.007334024717955184,0.00494939118621698,0.0,0.0,0.0047180523453982685,0.0,0.024714972113173972,0.0,0.00846801637243527,0.0,0.0,0.0030782490919165216,0.004465355123646149,0.0,0.0,0.0038814259041859687,0.0,0.02448079177019502,0.0,0.0,0.0
Meow__,2.400320840645116,2.4849397590361444,0.3924914675767918,0.365296803652968,0.0,0.025505967997980775,0.0,0.0012421460142639767,0.005845683614854798,0.026611937883366965,0.0,0.013832053739958569,0.009574891231695944,0.009033741385424208,0.001595642566092429,0.0,0.006006807715410797,0.0,0.0,0.0,0.014005908742750851,0.011001037076932776,0.00494939118621698,0.0644019756647743,0.010483718784727319,0.02174112923224542,0.0,0.057348250864188495,0.0,0.029153166739458686,0.0,0.0,0.009680562661475406,0.0,0.0,0.031137127911321463,0.023271227630900695,0.0,0.0447441994331903,0.0,0.0,0.0019053734010865588
iraiyan50,1.185880388555078,2.083333333333333,0.03981797497155859,0.091324200913242,0.0,0.025505967997980775,0.0,0.0,0.0,0.0015437697933700296,0.0,0.0,0.0,0.0,0.0,0.0,0.0,0.0,0.0,0.0,0.0,0.0,0.0,0.0,0.0,0.002948782715873918,0.0,0.004927701555737675,0.0,0.0033731517500157075,0.0,0.0,0.0020380131918895585,0.0,0.0,0.0,0.0011089788297674195,0.0,0.007187021437121475,0.0,0.0,0.0
Ashik_Khan,1.3105293686587192,2.136044176706827,0.3896473265073947,0.091324200913242,0.04933513201002121,0.2518714339800602,0.0,0.0,0.0,0.02031022134402446,0.0,0.0,0.004930966469427997,0.0,0.0,0.0,0.0015693461598821003,0.013738933797675374,0.06648884007374574,0.0,0.0,0.014668049435910368,0.0074240867793254695,0.03220098783238715,0.0,0.007310523816437423,0.0,0.054841919900494335,0.0,0.022522815330834056,0.0,0.0,0.007557632253257115,0.0,0.0,0.004688885144293115,0.007502934895145198,0.0,0.045492847499557114,0.0,0.0,0.002858060101629838
chroot_,23.010238502397602,4.3147590361445785,4.411262798634812,5.0,5.0,0.3275922764740657,0.5896805896805897,0.803891669340731,0.7476355578601895,0.8108108108108109,0.39613763822439085,0.8108108108108107,0.7827934898940818,0.7830808382541122,0.7547513997192669,0.8108108108108109,0.7975958338369079,0.6137334382241564,0.0,0.2367716911078385,0.6558704453441296,0.7782660761248849,0.6741225464102094,0.8108108108108109,0.6606716240267103,0.8108108108108109,0.8108108108108109,0.7165600225201623,0.6909214227770416,0.8108108108108109,0.8108108108108107,0.415606920260488,0.8108108108108107,0.21063917372324564,0.5592241317834986,0.6206545390606112,0.7987853216255211,0.5443250812324627,0.7721181832474192,0.8108108108108109,0.7643205440886567,0.7163459701600658
Huouin_kyouma,2.361762253381384,2.359437751004016,0.48919226393629117,0.5251141552511416,0.0,0.025505967997980775,0.0,0.008927924477522331,0.004670105367239371,0.03766557081792659,0.0,0.003555797876596033,0.03365564016451584,0.010912759593592444,0.00249319150951942,0.0,0.008247184647104555,0.0,0.0,0.0,0.0,0.039076600450354965,0.017322869151759433,0.03220098783238715,0.0024667573611123106,0.03632224543250949,0.0,0.06107376316106948,0.0,0.030295119154828583,0.01712980586220023,0.0,0.030272987621192828,0.0,0.0,0.013553808620222284,0.04016582699063873,0.0,0.05732148694815288,0.0,0.0,0.03471352165104575
Codefaiza,1.1408164835992707,1.7871485943775098,0.543230944254835,0.182648401826484,0.0,0.8108108108108109,0.0,0.0012421460142639767,0.0032207623222340483,0.034976034381039744,0.0,0.006009298411447296,0.014844156855991147,0.000925055117867439,0.0,0.0,0.002446015394023136,0.013738933797675374,0.043247165888675325,0.0,0.0,0.014668049435910368,0.03820311321861231,0.0,0.0,0.013545970601045818,0.0,0.060925082510680836,0.0,0.05446234596379531,0.0,0.0,0.0257086872435235,0.004465355123646149,0.0,0.0,0.009599597995174226,0.0,0.028860382958440917,0.0,0.0,0.0
NafiShahid,1.1242531796648183,1.9377510040160641,0.25597269624573377,0.2511415525114155,0.04933513201002121,0.025505967997980775,0.0,0.005046218182947405,0.0020612878862297907,0.0114938485397003,0.0,0.003413565961532192,0.0044799009296050615,0.0,0.0,0.0,0.0015693461598821003,0.0,0.0,0.0,0.0,0.0,0.0,0.0,0.0,0.0109104960487335,0.0,0.03293064005179179,0.0,0.013527743997458831,0.0,0.0,0.006963211738955993,0.0,0.0,0.0,0.010379348734854443,0.0,0.051482032030491676,0.0,0.0,0.005835206040827587
naminami,1.3353434374091258,2.1435742971887546,0.4465301478953356,0.4337899543378995,0.0,0.09923415674214398,0.0,0.0035905783224818083,0.0,0.030803031658336387,0.0,0.0,0.01057953720675612,0.006388661907772001,0.00421349365108782,0.0,0.003571615398352366,0.0,0.0,0.0,0.0,0.0,0.014848173558650939,0.03220098783238715,0.013073814013895246,0.013742556115437411,0.014646681313347983,0.06236940882874189,0.0,0.024258583002196313,0.0,0.0,0.006559854961394517,0.004465355123646149,0.0,0.031137127911321463,0.01784762804156941,0.0,0.05644806420405826,0.03399449345395291,0.0,0.0019053734010865588
